assetPath,commerce:positions{{Number: multi}},commerce:isCommerce{{String}},commerce:skus{{String: multi}},commerce:roles{{String: multi}}
/content/dam/Customer/Alex D/brother/BU330CL-01.png,1,Yes,BU330CL,thumbnail;image;small_image;swatch_image
/content/dam/Customer/Alex D/brother/DR2510-01.png,1,Yes,DR2510,thumbnail;image;small_image;swatch_image
/content/dam/Customer/Alex D/brother/DR2510-02.png,2,Yes,DR2510,image
/content/dam/Customer/Alex D/brother/DR2510-03.png,3,Yes,DR2510,image
/content/dam/Customer/Alex D/brother/DR2510-04.png,4,Yes,DR2510,image
/content/dam/Customer/Alex D/brother/DR2510-05.png,5,Yes,DR2510,image
/content/dam/Customer/Alex D/brother/HLL1240W-01.png,1,Yes,HLL1240W,thumbnail;image;small_image;swatch_image
/content/dam/Customer/Alex D/brother/HLL1240W-02.png,2,Yes,HLL1240W,image
/content/dam/Customer/Alex D/brother/HLL1240W-03.png,3,Yes,HLL1240W,image
/content/dam/Customer/Alex D/brother/HLL1240W-04.png,4,Yes,HLL1240W,image
/content/dam/Customer/Alex D/brother/HLL1240W-05.png,5,Yes,HLL1240W,image
/content/dam/Customer/Alex D/brother/HLL2400DWE-01.png,1,Yes,HLL2400DWE,thumbnail;image;small_image;swatch_image
/content/dam/Customer/Alex D/brother/HLL2400DWE-02.png,2,Yes,HLL2400DWE,image
/content/dam/Customer/Alex D/brother/HLL2400DWE-03.png,3,Yes,HLL2400DWE,image
/content/dam/Customer/Alex D/brother/HLL2400DWE-04.png,4,Yes,HLL2400DWE,image
/content/dam/Customer/Alex D/brother/HLL2400DWE-05.png,5,Yes,HLL2400DWE,image
/content/dam/Customer/Alex D/brother/HLL2400DWE-06.png,6,Yes,HLL2400DWE,image
/content/dam/Customer/Alex D/brother/HLL2400DWE-07.png,7,Yes,HLL2400DWE,image
/content/dam/Customer/Alex D/brother/HLL2445DW-01.png,1,Yes,HLL2445DW,thumbnail;image;small_image;swatch_image
/content/dam/Customer/Alex D/brother/HLL2445DW-02.png,2,Yes,HLL2445DW,image
/content/dam/Customer/Alex D/brother/HLL2445DW-03.png,3,Yes,HLL2445DW,image
/content/dam/Customer/Alex D/brother/HLL2445DW-04.png,4,Yes,HLL2445DW,image
/content/dam/Customer/Alex D/brother/HLL2445DW-05.png,5,Yes,HLL2445DW,image
/content/dam/Customer/Alex D/brother/HLL2445DW-06.png,6,Yes,HLL2445DW,image
/content/dam/Customer/Alex D/brother/HLL8260CDW-01.png,1,Yes,HLL8260CDW,thumbnail;image;small_image;swatch_image
/content/dam/Customer/Alex D/brother/HLL8260CDW-02.png,2,Yes,HLL8260CDW,image
/content/dam/Customer/Alex D/brother/HLL8260CDW-03.png,3,Yes,HLL8260CDW,image
/content/dam/Customer/Alex D/brother/LC223BK-01.png,1|1,Yes,LC223BK|LC223-CONF,thumbnail;image;small_image;swatch_image|thumbnail;image;small_image
/content/dam/Customer/Alex D/brother/LC223BK-02.png,2|2,Yes,LC223BK|LC223-CONF,image|image
/content/dam/Customer/Alex D/brother/LC223BK-03.png,3|3,Yes,LC223BK|LC223-CONF,image|image
/content/dam/Customer/Alex D/brother/LC223C-01.png,1|4,Yes,LC223C|LC223-CONF,thumbnail;image;small_image;swatch_image|image
/content/dam/Customer/Alex D/brother/LC223C-02.png,2|5,Yes,LC223C|LC223-CONF,image|image
/content/dam/Customer/Alex D/brother/LC223C-03.png,3|6,Yes,LC223C|LC223-CONF,image|image
/content/dam/Customer/Alex D/brother/LC223M-01.png,1|7,Yes,LC223M|LC223-CONF,thumbnail;image;small_image;swatch_image|image
/content/dam/Customer/Alex D/brother/LC223M-02.png,2|8,Yes,LC223M|LC223-CONF,image|image
/content/dam/Customer/Alex D/brother/LC223M-03.png,3|9,Yes,LC223M|LC223-CONF,image|image
/content/dam/Customer/Alex D/brother/LC223Y-01.png,1|10,Yes,LC223Y|LC223-CONF,thumbnail;image;small_image;swatch_image|image
/content/dam/Customer/Alex D/brother/LC223Y-02.png,2|11,Yes,LC223Y|LC223-CONF,image|image
/content/dam/Customer/Alex D/brother/LC223Y-03.png,3|12,Yes,LC223Y|LC223-CONF,image|image
/content/dam/Customer/Alex D/brother/MFCJ4350DW-01.png,1,Yes,MFCJ4350DW,thumbnail;image;small_image;swatch_image
/content/dam/Customer/Alex D/brother/MFCJ4350DW-02.png,2,Yes,MFCJ4350DW,image
/content/dam/Customer/Alex D/brother/MFCJ4350DW-03.png,3,Yes,MFCJ4350DW,image
/content/dam/Customer/Alex D/brother/MFCJ4350DW-04.png,4,Yes,MFCJ4350DW,image
/content/dam/Customer/Alex D/brother/MFCJ4350DW-05.png,5,Yes,MFCJ4350DW,image
/content/dam/Customer/Alex D/brother/MFCJ6530DW-01.png,1,Yes,MFCJ6530DW,thumbnail;image;small_image;swatch_image
/content/dam/Customer/Alex D/brother/MFCJ6530DW-02.png,2,Yes,MFCJ6530DW,image
/content/dam/Customer/Alex D/brother/MFCJ6530DW-03.png,3,Yes,MFCJ6530DW,image
/content/dam/Customer/Alex D/brother/PJ822-01.png,1,Yes,PJ822,thumbnail;image;small_image;swatch_image
/content/dam/Customer/Alex D/brother/PJ822-02.png,2,Yes,PJ822,image
/content/dam/Customer/Alex D/brother/PJ822-03.png,3,Yes,PJ822,image
/content/dam/Customer/Alex D/brother/PJ822-04.png,4,Yes,PJ822,image
/content/dam/Customer/Alex D/brother/PJ823-01.png,1,Yes,PJ823,thumbnail;image;small_image;swatch_image
/content/dam/Customer/Alex D/brother/PJ823-02.png,2,Yes,PJ823,image
/content/dam/Customer/Alex D/brother/PJ823-03.png,3,Yes,PJ823,image
/content/dam/Customer/Alex D/brother/PJ823-04.png,4,Yes,PJ823,image
/content/dam/Customer/Alex D/brother/PJ862-01.png,1,Yes,PJ862,thumbnail;image;small_image;swatch_image
/content/dam/Customer/Alex D/brother/PJ862-02.png,2,Yes,PJ862,image
/content/dam/Customer/Alex D/brother/PJ862-03.png,3,Yes,PJ862,image
/content/dam/Customer/Alex D/brother/PJ862-04.png,4,Yes,PJ862,image
/content/dam/Customer/Alex D/brother/PTD210VP-01.png,1,Yes,PTD210VP,thumbnail;image;small_image;swatch_image
/content/dam/Customer/Alex D/brother/PTD210VP-02.png,2,Yes,PTD210VP,image
/content/dam/Customer/Alex D/brother/TN421BK-01.png,1|1,Yes,TN421BK|TN421-CONF,thumbnail;image;small_image;swatch_image|thumbnail;image;small_image
/content/dam/Customer/Alex D/brother/TN421BK-02.png,2|2,Yes,TN421BK|TN421-CONF,image|image
/content/dam/Customer/Alex D/brother/TN421BK-03.png,3|3,Yes,TN421BK|TN421-CONF,image|image
/content/dam/Customer/Alex D/brother/TN421BK-04.png,4|4,Yes,TN421BK|TN421-CONF,image|image
/content/dam/Customer/Alex D/brother/TN421C-01.png,1|5,Yes,TN421C|TN421-CONF,thumbnail;image;small_image;swatch_image|image
/content/dam/Customer/Alex D/brother/TN421C-02.png,2|6,Yes,TN421C|TN421-CONF,image|image
/content/dam/Customer/Alex D/brother/TN421C-03.png,3|7,Yes,TN421C|TN421-CONF,image|image
/content/dam/Customer/Alex D/brother/TN421C-04.png,4|8,Yes,TN421C|TN421-CONF,image|image
/content/dam/Customer/Alex D/brother/TN421M-01.png,1|9,Yes,TN421M|TN421-CONF,thumbnail;image;small_image;swatch_image|image
/content/dam/Customer/Alex D/brother/TN421M-02.png,2|10,Yes,TN421M|TN421-CONF,image|image
/content/dam/Customer/Alex D/brother/TN421M-03.png,3|11,Yes,TN421M|TN421-CONF,image|image
/content/dam/Customer/Alex D/brother/TN421M-04.png,4|12,Yes,TN421M|TN421-CONF,image|image
/content/dam/Customer/Alex D/brother/TN421Y-01.png,1|13,Yes,TN421Y|TN421-CONF,thumbnail;image;small_image;swatch_image|image
/content/dam/Customer/Alex D/brother/TN421Y-02.png,2|14,Yes,TN421Y|TN421-CONF,image|image
/content/dam/Customer/Alex D/brother/TN421Y-03.png,3|15,Yes,TN421Y|TN421-CONF,image|image
/content/dam/Customer/Alex D/brother/TN421Y-04.png,4|16,Yes,TN421Y|TN421-CONF,image|image
/content/dam/Customer/Alex D/brother/TZE131-01.png,1|1,Yes,TZE131|TZE12-CONF,thumbnail;image;small_image;swatch_image|image
/content/dam/Customer/Alex D/brother/TZE131-02.png,2|2,Yes,TZE131|TZE12-CONF,image|image
/content/dam/Customer/Alex D/brother/TZE131-03.png,3|3,Yes,TZE131|TZE12-CONF,image|image
/content/dam/Customer/Alex D/brother/TZE131-04.png,4|4,Yes,TZE131|TZE12-CONF,image|image
/content/dam/Customer/Alex D/brother/TZE231-01.png,1|5,Yes,TZE231|TZE12-CONF,thumbnail;image;small_image;swatch_image|thumbnail;image;small_image
/content/dam/Customer/Alex D/brother/TZE231-02.png,2|6,Yes,TZE231|TZE12-CONF,image|image
/content/dam/Customer/Alex D/brother/TZE231-03.png,3|7,Yes,TZE231|TZE12-CONF,image|image
/content/dam/Customer/Alex D/brother/TZE231-04.png,4|8,Yes,TZE231|TZE12-CONF,image|image
/content/dam/Customer/Alex D/brother/TZE431-01.png,1|9,Yes,TZE431|TZE12-CONF,thumbnail;image;small_image;swatch_image|image
/content/dam/Customer/Alex D/brother/TZE431-02.png,2|10,Yes,TZE431|TZE12-CONF,image|image
/content/dam/Customer/Alex D/brother/TZE431-03.png,3|11,Yes,TZE431|TZE12-CONF,image|image
/content/dam/Customer/Alex D/brother/TZE431-04.png,4|12,Yes,TZE431|TZE12-CONF,image|image
/content/dam/Customer/Alex D/brother/TZE531-01.png,1|13,Yes,TZE531|TZE12-CONF,thumbnail;image;small_image;swatch_image|image
/content/dam/Customer/Alex D/brother/TZE531-02.png,2|14,Yes,TZE531|TZE12-CONF,image|image
/content/dam/Customer/Alex D/brother/TZE531-03.png,3|15,Yes,TZE531|TZE12-CONF,image|image
/content/dam/Customer/Alex D/brother/TZE531-04.png,4|16,Yes,TZE531|TZE12-CONF,image|image
/content/dam/Customer/Alex D/brother/TZE631-01.png,1|17,Yes,TZE631|TZE12-CONF,thumbnail;image;small_image;swatch_image|image
/content/dam/Customer/Alex D/brother/TZE631-02.png,2|18,Yes,TZE631|TZE12-CONF,image|image
/content/dam/Customer/Alex D/brother/TZE631-03.png,3|19,Yes,TZE631|TZE12-CONF,image|image
/content/dam/Customer/Alex D/brother/TZE631-04.png,4|20,Yes,TZE631|TZE12-CONF,image|image
/content/dam/Customer/Alex D/brother/TZE731-01.png,1|21,Yes,TZE731|TZE12-CONF,thumbnail;image;small_image;swatch_image|image
/content/dam/Customer/Alex D/brother/TZE731-02.png,2|22,Yes,TZE731|TZE12-CONF,image|image
/content/dam/Customer/Alex D/brother/TZE731-03.png,3|23,Yes,TZE731|TZE12-CONF,image|image
/content/dam/Customer/Alex D/brother/WT320CL-01.png,1,Yes,WT320CL,thumbnail;image;small_image;swatch_image
