"sku","store_view_code","attribute_set_code","product_type","categories","product_websites","name","description","short_description","weight","product_online","tax_class_name","visibility","price","url_key","qty","is_in_stock","website_id","color","print_speed","resolution","connectivity","page_yield","tape_width","configurable_variations","configurable_variation_labels"
"PJ862","","Default","simple","Default Category/Printers/Mobile Printers","base","Brother PJ-862 A4 Mobile Thermal Printer + Bluetooth","Print quotations, invoices, and other reports whilst on the move and streamline the work of field sales, field service, logistics, delivery and the emergency service sectors. The PJ-862 supports both charging and data transfer via USB-C, as well as Bluetooth connectivity to provide a mobile A4 print solution which is compact enough to fit easily into a briefcase or computer bag, but that can also be permanently installed in vehicles. Thermal print technology at 203x200dpi produces crisp text at a print speed of up to 13.5 pages per minute. Compatible with a wide range of mobile and desktop operating systems, the PJ-862 can be integrated into apps and software using Brother's SDKs, and supports printer command languages including ZPL2 emulation.","Compact mobile printer to print quotations, invoices and other reports whilst on the move.","0.48","1","Taxable Goods","Catalog, Search","370.73","pj862","100","1","1","","13.5ppm","203 x 200dpi","USB Type-C, Bluetooth 5.2, NFC","","","",""
"PJ822","","Default","simple","Default Category/Printers/Mobile Printers","base","Brother PJ-822 A4 Mobile Thermal Printer","Print quotations, invoices, and other reports whilst on the move and streamline the work of field sales, field service, logistics, delivery and the emergency service sectors. The PJ-822 offers a mobile A4 print solution, connected via USB-C, that is compact enough to fit easily into a briefcase or computer bag, but can also be permanently installed in vehicles. Thermal print technology at 203x200dpi produces crisp text at a print speed of up to 13.5 pages per minute. Also supports a variety of printer command languages, including ZPL2 emulation.","Compact mobile printer to print quotations, invoices and other reports whilst on the move.","0.48","1","Taxable Goods","Catalog, Search","299.0","pj822","100","1","1","","13.5ppm","203 x 200dpi","USB Type-C 2.0","","","",""
"PJ823","","Default","simple","Default Category/Printers/Mobile Printers","base","Brother PJ-823 A4 Mobile Thermal Printer","Print quotations, invoices, and other reports whilst on the move and streamline the work of field sales, field service, logistics, delivery and the emergency service sectors. The PJ-823 offers USB connectivity for a mobile A4 print solution compact enough to fit in a briefcase or computer bag, or be permanently installed in a vehicle. Thermal print technology at 300x300dpi produces high-resolution, crisp text at a print speed of up to 13.5 pages per minute.","Compact, high-resolution mobile printer to print quotations, invoices and other reports whilst on the move.","0.48","1","Taxable Goods","Catalog, Search","329.0","pj823","100","1","1","","13.5ppm","300 x 300dpi","USB Type-C 2.0","","","",""
"HLL2400DWE","","Default","simple","Default Category/Printers/Laser Printers","base","Brother HL-L2400DWE Mono Laser Printer","Enhance your productivity from any location, be it your home or office, with the conveniently connected Brother HL-L2400DWE. This mono laser printer presents a wide array of efficiency-boosting features, allowing you to save time with quick, flawless printing, automatic two-sided printing, and a spacious 250 sheet paper tray. Setting up the printer is hassle-free, and downloading the Brother Mobile Connect App lets you print from virtually anywhere. The HL-L2400DWE keeps printing costs down using a separate drum and toner unit, with high yield toner available printing up to 3,000 pages.","Efficient A4 mono laser printer with speeds up to 30 pages per minute and a 4 month free EcoPro toner subscription trial.","7.1","1","Taxable Goods","Catalog, Search","129.99","hll2400dwe","100","1","1","","30ppm mono","Up to 1200 x 1200dpi","USB, Wireless (2.4GHz/5GHz)","","","",""
"HLL1240W","","Default","simple","Default Category/Printers/Laser Printers","base","Brother HL-L1240W Compact Mono Laser Printer","The ideal device for home and small office use, the compact HL-L1240W is designed to fit seamlessly into your space with flexible connectivity options making it simple to set up and use. Print up to 20 pages per minute via 5GHz Wi-Fi or USB, from a PC or mobile app, with a 150 sheet paper tray and a 350 page yield inbox toner.","Super compact mono laser printer with flexible connectivity for simple set up and use.","4.6","1","Taxable Goods","Catalog, Search","89.99","hll1240w","100","1","1","","20ppm mono","Up to 2400 x 600dpi","USB, Wireless (2.4GHz/5GHz)","","","",""
"HLL8260CDW","","Default","simple","Default Category/Printers/Laser Printers","base","Brother HL-L8260CDW Wireless Colour Laser Printer","The HL-L8260CDW provides business quality printing. Built to be truly flexible, this wireless colour laser printer boasts easy print and sharing to deliver productivity seamlessly into your business, with a 300 sheet standard paper input, automatic 2-sided printing, USB/Wireless/Gigabit wired networking, and 3,000 page black / 1,800 page CMY inbox toners.","Professional wireless colour laser printer built for business, with speeds of up to 31ppm colour and mono.","21.8","1","Taxable Goods","Catalog, Search","349.99","hll8260cdw","100","1","1","","31ppm mono/colour","600 x 600dpi","USB, Wired Gigabit Ethernet, Wireless","","","",""
"HLL2445DW","","Default","simple","Default Category/Printers/Laser Printers","base","Brother HL-L2445DW Mono Laser Printer","Work smarter from anywhere at home or in the office with the easily connected Brother HL-L2445DW. Hosting a range of efficiency-boosting features, this mono laser printer saves you time with fast flawless printing, automatic 2-sided print, and a generous paper tray capacity. Get set up with ease and download the Brother Mobile Connect App to print from virtually anywhere. The HL-L2445DW keeps printing costs down using a separate drum and toner unit, with a generous 1,200 page inbox toner and high yield toner available printing up to 3,000 pages.","Highly efficient A4 mono laser printer designed to deliver exceptional performance.","7.1","1","Taxable Goods","Catalog, Search","139.99","hll2445dw","100","1","1","","30ppm mono","Up to 1200 x 1200dpi","USB, Ethernet, Wireless (2.4GHz/5GHz)","","","",""
"MFCJ4350DW","","Default","simple","Default Category/Printers/Inkjet Printers","base","Brother MFC-J4350DW All-in-One Inkjet Printer","Print with confidence with the smart MFC-J4350DW inkjet printer. Experience fast print speeds, vibrant colour quality and efficient paper handling. With high yield supplies available, reduce your printing costs and extend your printing capabilities. Print directly from or scan to PC and mobile app. This all-in-one inkjet combines printing, scanning, copying and faxing capabilities, with a 150 sheet paper input tray and 20 sheet automatic document feeder.","All-in-one wireless inkjet printer with fast print speeds, vibrant colour quality and print, scan, copy and fax.","8.9","1","Taxable Goods","Catalog, Search","129.99","mfcj4350dw","100","1","1","","20ipm mono / 19ipm colour","Up to 1200 x 4800dpi","USB, Wireless","","","",""
"MFCJ6530DW","","Default","simple","Default Category/Printers/Inkjet Printers","base","Brother MFC-J6530DW All-in-One A3 Inkjet Printer","This smart all-in-one A3 inkjet offers a speedy first page out time, flatbed A3 scanning and a 50-page Automatic Document Feeder to help you fly through your workload. Ideal for cost-savvy businesses, it is compatible with high-yield cartridges that print up to 3,000 pages, helping to bring cost per page down. Combine that with robust construction and intelligent connectivity and it becomes a must buy for any small business.","Smart all-in-one A3 inkjet with speedy first page out time, A3 flatbed scanning and a 50-page ADF.","12.5","1","Taxable Goods","Catalog, Search","249.99","mfcj6530dw","100","1","1","","22ipm mono / 20ipm colour","Up to 1200 x 4800dpi","USB, Wireless","","","",""
"PTD210VP","","Default","simple","Default Category/Printers/Label Printers","base","Brother PT-D210VP Desktop Labelling Machine + Value Pack","The compact labelling machine that's quick and simple to use. Create decorative labels with various patterns using the built-in templates and easy-to-read graphic display. Prints labels up to 12mm in width, is compact and lightweight, with many fonts, frames and symbols and a built-in label cutter. Includes AC adapter, a 12mm black on white TZe tape cassette (4m) and a carry case.","Compact desktop labelling machine that's quick and simple to use, supplied with tape cassette, AC adapter and carry case.","0.49","1","Taxable Goods","Catalog, Search","34.99","ptd210vp","100","1","1","","20mm/second","","Standalone (6 x AAA battery or AC adapter)","","3.5mm, 6mm, 9mm, 12mm","",""
"DR2510","","Default","simple","Default Category/Supplies/Toner Accessories","base","Brother DR-2510 Printer Drum Unit","The Brother DR-2510 genuine printer drum unit is designed to work seamlessly with compatible Brother mono laser printers (including the HL-L2400 and HL-L2445 series), delivering consistent, high quality print output for up to 15,000 pages.","Genuine Brother printer drum unit, prints up to 15,000 pages.","0.6","1","Taxable Goods","Catalog, Search","54.99","dr2510","100","1","1","","","","","15,000 pages","","",""
"BU330CL","","Default","simple","Default Category/Supplies/Toner Accessories","base","Brother BU-330CL Transfer Belt Unit","The Brother BU-330CL genuine transfer belt unit is designed for use with compatible Brother colour laser printers (including the HL-L8260CDW), supporting a duty cycle of up to 130,000 pages.","Genuine Brother transfer belt unit with a duty cycle of 130,000 pages.","1.1","1","Taxable Goods","Catalog, Search","89.99","bu330cl","100","1","1","","","","","130,000 pages","","",""
"WT320CL","","Default","simple","Default Category/Supplies/Toner Accessories","base","Brother WT-320CL Waste Toner Unit","The Brother WT-320CL genuine waste toner unit collects excess toner from compatible Brother colour laser printers (including the HL-L8260CDW), supporting a duty cycle of up to 50,000 pages.","Genuine Brother waste toner unit with a duty cycle of 50,000 pages.","0.4","1","Taxable Goods","Catalog, Search","24.99","wt320cl","100","1","1","","","","","50,000 pages","","",""
"LC223-CONF","","Default","configurable","Default Category/Supplies/Ink Cartridges","base","Brother LC223 Ink Cartridge","Genuine Brother LC223 ink cartridges are rigorously tested to print perfectly every time, saving you time and money. Using genuine Brother ink cartridges protects your printer warranty. Brother considers the environmental impact at every stage of the ink cartridge life cycle, reducing waste at landfill. Compatible with Brother's MFC-J and DCP-J inkjet printer range. Select a colour to add the matching cartridge to your basket.","Genuine Brother LC223 ink cartridge, available in Black, Cyan, Magenta and Yellow.","","1","Taxable Goods","Catalog, Search","","lc223-conf","","1","1","","","","","","","sku=LC223BK,color=Black|sku=LC223C,color=Cyan|sku=LC223M,color=Magenta|sku=LC223Y,color=Yellow","color=Colour"
"LC223BK","","Default","simple","","base","Brother LC223BK Ink Cartridge - Black","Genuine Brother LC223BK printer ink cartridge, black, single pack. Using this genuine Brother LC223BK original ink cartridge protects your printer warranty. Also available as part of the more economical LC223VALBP value multipack.","Genuine Brother LC223BK black ink cartridge - single pack. Prints 550 pages.","0.15","1","Taxable Goods","Not Visible Individually","20.32","lc223bk","100","1","1","Black","","","","550 pages","","",""
"LC223C","","Default","simple","","base","Brother LC223C Ink Cartridge - Cyan","Genuine Brother LC223C printer ink cartridge, cyan, single pack. Rigorously tested to print perfectly every time and protect your printer warranty.","Genuine Brother LC223C cyan ink cartridge - single pack. Prints 550 pages.","0.15","1","Taxable Goods","Not Visible Individually","13.25","lc223c","100","1","1","Cyan","","","","550 pages","","",""
"LC223M","","Default","simple","","base","Brother LC223M Ink Cartridge - Magenta","Genuine Brother LC223M printer ink cartridge, magenta, single pack. Rigorously tested to print perfectly every time and protect your printer warranty.","Genuine Brother LC223M magenta ink cartridge - single pack. Prints 550 pages.","0.15","1","Taxable Goods","Not Visible Individually","13.25","lc223m","100","1","1","Magenta","","","","550 pages","","",""
"LC223Y","","Default","simple","","base","Brother LC223Y Ink Cartridge - Yellow","Genuine Brother LC223Y printer ink cartridge, yellow, single pack. Rigorously tested to print perfectly every time and protect your printer warranty.","Genuine Brother LC223Y yellow ink cartridge - single pack. Prints 550 pages.","0.15","1","Taxable Goods","Not Visible Individually","13.25","lc223y","100","1","1","Yellow","","","","550 pages","","",""
"TN421-CONF","","Default","configurable","Default Category/Supplies/Toner Cartridges","base","Brother TN421 Toner Cartridge","Designed to deliver optimal consistency, genuine Brother TN421 toner cartridges create high-resolution documents from the first to the last page you print. Compatible with Brother's HL-L8260CDW and related colour laser printer range. Select a colour to add the matching cartridge to your basket.","Genuine Brother TN421 toner cartridge, available in Black, Cyan, Magenta and Yellow.","","1","Taxable Goods","Catalog, Search","","tn421-conf","","1","1","","","","","","","sku=TN421BK,color=Black|sku=TN421C,color=Cyan|sku=TN421M,color=Magenta|sku=TN421Y,color=Yellow","color=Colour"
"TN421BK","","Default","simple","","base","Brother TN421BK Toner Cartridge - Black","Designed to deliver optimal consistency, the genuine Brother TN421BK black toner cartridge has been developed to create high-resolution monochrome documents from the first to the last time you print. With the capacity to print over 3,000 pages, the TN421BK refill offers excellent value for money.","Genuine Brother TN421BK black toner cartridge. Prints 3,000 pages.","0.4","1","Taxable Goods","Not Visible Individually","45.99","tn421bk","100","1","1","Black","","","","3,000 pages","","",""
"TN421C","","Default","simple","","base","Brother TN421C Toner Cartridge - Cyan","Designed to deliver optimal consistency, the genuine Brother TN421C cyan toner cartridge has been developed to create high-resolution documents from the first to the last time you print. With the capacity to print over 1,800 pages, the TN421C refill offers excellent value for money.","Genuine Brother TN421C cyan toner cartridge. Prints 1,800 pages.","0.35","1","Taxable Goods","Not Visible Individually","54.99","tn421c","100","1","1","Cyan","","","","1,800 pages","","",""
"TN421M","","Default","simple","","base","Brother TN421M Toner Cartridge - Magenta","Designed to deliver optimal consistency, the genuine Brother TN421M magenta toner cartridge has been developed to create high-resolution documents from the first to the last time you print. With the capacity to print over 1,800 pages, the TN421M refill offers excellent value for money.","Genuine Brother TN421M magenta toner cartridge. Prints 1,800 pages.","0.35","1","Taxable Goods","Not Visible Individually","54.99","tn421m","100","1","1","Magenta","","","","1,800 pages","","",""
"TN421Y","","Default","simple","","base","Brother TN421Y Toner Cartridge - Yellow","Designed to deliver optimal consistency, the genuine Brother TN421Y yellow toner cartridge has been developed to create high-resolution documents from the first to the last time you print. With the capacity to print over 1,800 pages, the TN421Y refill offers excellent value for money.","Genuine Brother TN421Y yellow toner cartridge. Prints 1,800 pages.","0.35","1","Taxable Goods","Not Visible Individually","54.99","tn421y","100","1","1","Yellow","","","","1,800 pages","","",""
"TZE12-CONF","","Default","configurable","Default Category/Supplies/Labelling Tape","base","Brother TZe 12mm P-touch Labelling Tape","Genuine Brother TZe tape cassettes are quick and easy to install and compatible with a wide range of Brother P-touch label printers that show the TZ or TZe logo on the tape cassette cover. Brother P-touch laminated labels are developed to withstand extremes of temperature, sunlight, water, chemicals and abrasion. Each 12mm cassette holds 8 metres of tape. Select a colourway to add the matching cassette to your basket.","Genuine Brother 12mm laminated TZe labelling tape, available in five colourways.","","1","Taxable Goods","Catalog, Search","","tze12-conf","","1","1","","","","","","","sku=TZE231,color=Black on White|sku=TZE131,color=Black on Clear|sku=TZE431,color=Black on Red|sku=TZE531,color=Black on Blue|sku=TZE631,color=Black on Yellow|sku=TZE731,color=Black on Green","color=Colour"
"TZE231","","Default","simple","","base","Brother TZe-231 Labelling Tape - Black on White, 12mm","The TZe-231 is a 12mm black on white laminated labelling tape, 8 metres long. This genuine laminated label tape is ideal for all general labelling needs around the office, workplace or home, and is compatible with a wide range of Brother P-touch printers.","Genuine Brother TZe-231 P-touch labelling tape, black on white, 12mm wide, 8m long.","0.05","1","Taxable Goods","Not Visible Individually","13.51","tze231","100","1","1","Black on White","","","","","12mm","",""
"TZE131","","Default","simple","","base","Brother TZe-131 Labelling Tape - Black on Clear, 12mm","Brother TZe-131 black on clear labelling tape, 12mm wide, 8 metres long. Especially handy thanks to its versatile black on clear design, so it comes in useful around the home, office and other workplaces.","Genuine Brother TZe-131 P-touch labelling tape, black on clear, 12mm wide, 8m long.","0.05","1","Taxable Goods","Not Visible Individually","12.2","tze131","100","1","1","Black on Clear","","","","","12mm","",""
"TZE431","","Default","simple","","base","Brother TZe-431 Labelling Tape - Black on Red, 12mm","Brother TZe-431 black on red labelling tape, 12mm wide, 8 metres long. A high-visibility colourway ideal for warning or priority labels around the home, office and workplace.","Genuine Brother TZe-431 P-touch labelling tape, black on red, 12mm wide, 8m long.","0.05","1","Taxable Goods","Not Visible Individually","13.51","tze431","100","1","1","Black on Red","","","","","12mm","",""
"TZE531","","Default","simple","","base","Brother TZe-531 Labelling Tape - Black on Blue, 12mm","Brother TZe-531 black on blue labelling tape, 12mm wide, 8 metres long, especially versatile thanks to its easy-to-read black and blue colour.","Genuine Brother TZe-531 P-touch labelling tape, black on blue, 12mm wide, 8m long.","0.05","1","Taxable Goods","Not Visible Individually","13.51","tze531","100","1","1","Black on Blue","","","","","12mm","",""
"TZE631","","Default","simple","","base","Brother TZe-631 Labelling Tape - Black on Yellow, 12mm","Brother TZe-631 black on yellow labelling tape, 12mm wide, 8 metres long. High-visibility colourway, compatible with P-touch label printers that show the TZ or TZe logo on the tape cassette cover.","Genuine Brother TZe-631 P-touch labelling tape, black on yellow, 12mm wide, 8m long.","0.05","1","Taxable Goods","Not Visible Individually","13.51","tze631","100","1","1","Black on Yellow","","","","","12mm","",""
"TZE731","","Default","simple","","base","Brother TZe-731 Labelling Tape - Black on Green, 12mm","Brother TZe-731 black on green labelling tape, 12mm wide, 8 metres long, compatible with a wide range of Brother's P-touch printers.","Genuine Brother TZe-731 P-touch labelling tape, black on green, 12mm wide, 8m long.","0.05","1","Taxable Goods","Not Visible Individually","13.51","tze731","100","1","1","Black on Green","","","","","12mm","",""
