sku,attribute_set_code,product_type,categories,product_websites,name,description,short_description,weight,product_online,tax_class_name,visibility,price,url_key,qty,is_in_stock,additional_attributes,base_image,small_image,thumbnail
DCP-J1140DW,Printer,simple,Default Category/Printers/Inkjet Printers,base,Brother DCP-J1140DW Wireless A4 3-in-1 Inkjet Printer,"The DCP-J1140DW is a compact wireless A4 3-in-1 colour inkjet printer for home use, offering print, copy and scan with mobile and Wi-Fi connectivity.","Wireless A4 3-in-1 inkjet: print, copy and scan for the home.",6.5,1,Taxable Goods,"Catalog, Search",139.00,dcp-j1140dw,100,1,"brand=Brother,print_technology=Inkjet,output_type=Colour,functions=Print|Copy|Scan,max_paper_size=A4,print_speed_ppm=17,duplex_printing=0,ecopro_eligible=0,connectivity=USB|Wi-Fi|Wi-Fi Direct,warranty=1 Year",,,
MFC-J1010DW,Printer,simple,Default Category/Printers/Inkjet Printers,base,Brother MFC-J1010DW Wireless A4 4-in-1 Inkjet Printer,"The MFC-J1010DW is a wireless A4 4-in-1 personal colour inkjet printer with print, copy, scan and fax, ideal for small home offices.",Wireless A4 4-in-1 personal inkjet with fax.,6.3,1,Taxable Goods,"Catalog, Search",119.00,mfc-j1010dw,100,1,"brand=Brother,print_technology=Inkjet,output_type=Colour,functions=Print|Copy|Scan|Fax,max_paper_size=A4,print_speed_ppm=17,duplex_printing=0,ecopro_eligible=0,connectivity=USB|Wi-Fi|Wi-Fi Direct,warranty=1 Year",,,
DCP-J1200WE,Printer,simple,Default Category/Printers/Inkjet Printers,base,Brother DCP-J1200WE Wireless A4 3-in-1 Inkjet Printer (EcoPro),"The DCP-J1200WE is a 3-in-1 A4 colour inkjet printer that includes a free 4-month EcoPro ink subscription for low-cost, worry-free printing.",A4 3-in-1 inkjet with 4-month free EcoPro ink subscription.,6.4,1,Taxable Goods,"Catalog, Search",99.00,dcp-j1200we,100,1,"brand=Brother,print_technology=Inkjet,output_type=Colour,functions=Print|Copy|Scan,max_paper_size=A4,print_speed_ppm=16,duplex_printing=0,ecopro_eligible=1,connectivity=USB|Wi-Fi|Wi-Fi Direct,warranty=1 Year",,,
MFC-J4340DWE,Printer,simple,Default Category/Printers/Inkjet Printers,base,Brother MFC-J4340DWE Wireless A4 4-in-1 Inkjet Printer (EcoPro),"The MFC-J4340DWE is a wireless A4 4-in-1 colour inkjet printer for small offices, with fast print speeds and an included EcoPro trial subscription.",A4 4-in-1 business inkjet with EcoPro subscription option.,8.9,1,Taxable Goods,"Catalog, Search",149.00,mfc-j4340dwe,100,1,"brand=Brother,print_technology=Inkjet,output_type=Colour,functions=Print|Copy|Scan|Fax,max_paper_size=A4,print_speed_ppm=20,duplex_printing=1,ecopro_eligible=1,connectivity=USB|Wi-Fi|Wi-Fi Direct|Ethernet,warranty=1 Year",,,
MFC-J5340DWE,Printer,simple,Default Category/Printers/Inkjet Printers,base,Brother MFC-J5340DWE Wireless A3 4-in-1 Inkjet Printer,"The MFC-J5340DWE is an all-in-one A3 colour inkjet printer perfect for a small office, with A3 print/copy/scan, wireless connectivity and an EcoPro trial.",A3-capable 4-in-1 business inkjet for the small office.,10.9,1,Taxable Goods,"Catalog, Search",179.00,mfc-j5340dwe,100,1,"brand=Brother,print_technology=Inkjet,output_type=Colour,functions=Print|Copy|Scan|Fax,max_paper_size=A3,print_speed_ppm=22,duplex_printing=1,ecopro_eligible=1,connectivity=USB|Wi-Fi|Ethernet,warranty=1 Year",,,
HL-L1240W,Printer,simple,Default Category/Printers/Laser Printers,base,Brother HL-L1240W Compact Mono Laser Printer,The HL-L1240W is a super-compact mono laser printer offering flexible wireless and USB connectivity for simple set-up and reliable home printing.,Super-compact wireless mono laser printer.,4.5,1,Taxable Goods,"Catalog, Search",99.00,hl-l1240w,100,1,"brand=Brother,print_technology=Mono Laser,output_type=Mono,functions=Print,max_paper_size=A4,print_speed_ppm=20,duplex_printing=0,ecopro_eligible=0,connectivity=USB|Wi-Fi,warranty=1 Year",,,
HL-L1242W,Printer,simple,Default Category/Printers/Laser Printers,base,Brother HL-L1242W Compact Mono Laser Printer,"The HL-L1242W is a super-compact mono laser printer with flexible connectivity, designed for easy set-up and everyday home or small-office use.",Super-compact wireless mono laser printer.,4.5,1,Taxable Goods,"Catalog, Search",109.00,hl-l1242w,100,1,"brand=Brother,print_technology=Mono Laser,output_type=Mono,functions=Print,max_paper_size=A4,print_speed_ppm=21,duplex_printing=0,ecopro_eligible=0,connectivity=USB|Wi-Fi,warranty=1 Year",,,
HL-L2400DW,Printer,simple,Default Category/Printers/Laser Printers,base,Brother HL-L2400DW Wireless Mono Laser Printer,The HL-L2400DW is an efficient A4 mono laser printer with automatic 2-sided printing and wireless connectivity for busy homes and small offices.,Efficient A4 wireless mono laser printer.,7,1,Taxable Goods,"Catalog, Search",129.00,hl-l2400dw,100,1,"brand=Brother,print_technology=Mono Laser,output_type=Mono,functions=Print,max_paper_size=A4,print_speed_ppm=30,duplex_printing=1,ecopro_eligible=0,connectivity=USB|Wi-Fi|Wi-Fi Direct,warranty=1 Year",,,
HL-L2400DWE,Printer,simple,Default Category/Printers/Laser Printers,base,Brother HL-L2400DWE Wireless Mono Laser Printer (EcoPro),"The HL-L2400DWE is an efficient A4 mono laser printer that includes a 4-month free EcoPro toner subscription, plus duplex and wireless printing.",A4 mono laser with 4-month free EcoPro toner subscription.,7,1,Taxable Goods,"Catalog, Search",129.00,hl-l2400dwe,100,1,"brand=Brother,print_technology=Mono Laser,output_type=Mono,functions=Print,max_paper_size=A4,print_speed_ppm=30,duplex_printing=1,ecopro_eligible=1,connectivity=USB|Wi-Fi|Wi-Fi Direct,warranty=1 Year",,,
HL-L2375DW,Printer,simple,Default Category/Printers/Laser Printers,base,Brother HL-L2375DW Wireless Mono Laser Printer,"The HL-L2375DW is built for reliability in busy home and small offices, with fast mono laser printing, duplex and network/wireless connectivity.",Reliable A4 mono laser for busy home and small offices.,7.2,1,Taxable Goods,"Catalog, Search",139.00,hl-l2375dw,100,1,"brand=Brother,print_technology=Mono Laser,output_type=Mono,functions=Print,max_paper_size=A4,print_speed_ppm=34,duplex_printing=1,ecopro_eligible=0,connectivity=USB|Wi-Fi|Ethernet,warranty=1 Year",,,
LC424BK,Ink & Toner,simple,Default Category/Ink & Supplies/Ink Cartridges,base,Brother LC424BK Ink Cartridge - Black,"Genuine Brother LC424BK black ink cartridge, printing up to 750 pages. Compatible with select Brother A4 inkjet printers.","Genuine black ink cartridge, up to 750 pages.",0.05,1,Taxable Goods,"Catalog, Search",13.99,lc424bk,100,1,"brand=Brother,consumable_type=Ink Cartridge,cartridge_colour=Black,page_yield=750,yield_class=Standard,pack_size=Single,compatible_models=DCP-J1140DW,warranty=1 Year",,,
LC424VAL,Ink & Toner,simple,Default Category/Ink & Supplies/Ink Cartridges,base,Brother LC424VAL Ink Cartridge Multipack (BK/C/M/Y),"Genuine Brother LC424VAL ink multipack containing black, cyan, magenta and yellow cartridges, each printing up to 750 pages.","Genuine 4-colour ink multipack, up to 750 pages each.",0.18,1,Taxable Goods,"Catalog, Search",44.99,lc424val,100,1,"brand=Brother,consumable_type=Ink Cartridge,cartridge_colour=Multipack,page_yield=750,yield_class=Standard,pack_size=Multipack (4),compatible_models=DCP-J1140DW,warranty=1 Year",,,
LC427BK,Ink & Toner,simple,Default Category/Ink & Supplies/Ink Cartridges,base,Brother LC427BK Ink Cartridge - Black,"Genuine Brother LC427BK black ink cartridge with a high 3,000-page yield for lower cost-per-page printing.","Genuine black ink cartridge, up to 3,000 pages.",0.06,1,Taxable Goods,"Catalog, Search",24.99,lc427bk,100,1,"brand=Brother,consumable_type=Ink Cartridge,cartridge_colour=Black,page_yield=3000,yield_class=High (XL),pack_size=Single,compatible_models=MFC-J4340DWE, MFC-J5340DWE,warranty=1 Year",,,
LC426VAL,Ink & Toner,simple,Default Category/Ink & Supplies/Ink Cartridges,base,Brother LC426VAL Ink Cartridge Multipack (BK/C/M/Y),"Genuine Brother LC426VAL ink multipack with black, cyan, magenta and yellow cartridges for vivid, reliable everyday printing.",Genuine 4-colour ink multipack.,0.19,1,Taxable Goods,"Catalog, Search",49.99,lc426val,100,1,"brand=Brother,consumable_type=Ink Cartridge,cartridge_colour=Multipack,page_yield=1500,yield_class=Standard,pack_size=Multipack (4),compatible_models=MFC-J4340DWE,warranty=1 Year",,,
LC3239XLBK,Ink & Toner,simple,Default Category/Ink & Supplies/Ink Cartridges,base,Brother LC3239XLBK High-Yield Ink Cartridge - Black,"Genuine Brother LC3239XLBK high-yield black ink cartridge printing up to 6,000 pages, ideal for high-volume business inkjet printers.","Genuine high-yield black ink, up to 6,000 pages.",0.09,1,Taxable Goods,"Catalog, Search",34.99,lc3239xlbk,100,1,"brand=Brother,consumable_type=Ink Cartridge,cartridge_colour=Black,page_yield=6000,yield_class=Super High,pack_size=Single,compatible_models=MFC-J5340DWE,warranty=1 Year",,,
TN-2420,Ink & Toner,simple,Default Category/Ink & Supplies/Toner,base,Brother TN-2420 Toner Cartridge - Black,"Genuine Brother TN-2420 high-yield black toner cartridge printing up to 3,000 pages for crisp, reliable mono laser output.","Genuine high-yield black toner, up to 3,000 pages.",0.7,1,Taxable Goods,"Catalog, Search",59.99,tn-2420,100,1,"brand=Brother,consumable_type=Toner Cartridge,cartridge_colour=Black,page_yield=3000,yield_class=High (XL),pack_size=Single,compatible_models=HL-L2375DW, HL-L2400DW,warranty=1 Year",,,
TN2420TWIN,Ink & Toner,simple,Default Category/Ink & Supplies/Toner,base,Brother TN-2420 Toner Cartridge Twin Pack - Black,"Genuine Brother TN-2420 twin-pack: two high-yield black toner cartridges, each printing up to 3,000 pages, for great value.","Two genuine high-yield black toners, 3,000 pages each.",1.4,1,Taxable Goods,"Catalog, Search",104.99,tn2420twin,100,1,"brand=Brother,consumable_type=Toner Cartridge,cartridge_colour=Black,page_yield=3000,yield_class=High (XL),pack_size=Twin Pack,compatible_models=HL-L2375DW, HL-L2400DW,warranty=1 Year",,,
TN-248BK,Ink & Toner,simple,Default Category/Ink & Supplies/Toner,base,Brother TN-248BK Toner Cartridge - Black,"Genuine Brother TN-248BK black toner cartridge for Brother colour laser printers, delivering sharp text and consistent results.",Genuine black toner for colour laser printers.,0.55,1,Taxable Goods,"Catalog, Search",44.99,tn-248bk,100,1,"brand=Brother,consumable_type=Toner Cartridge,cartridge_colour=Black,page_yield=1500,yield_class=Standard,pack_size=Single,compatible_models=HL-L3220CW, MFC-L3760CDW,warranty=1 Year",,,
TN-248VAL,Ink & Toner,simple,Default Category/Ink & Supplies/Toner,base,Brother TN-248VAL Toner Multipack (BK/C/M/Y),"Genuine Brother TN-248VAL toner multipack containing black, cyan, magenta and yellow cartridges for full-colour laser printing.",Genuine 4-colour toner multipack.,2.2,1,Taxable Goods,"Catalog, Search",129.99,tn-248val,100,1,"brand=Brother,consumable_type=Toner Cartridge,cartridge_colour=Multipack,page_yield=1000,yield_class=Standard,pack_size=Multipack (4),compatible_models=HL-L3220CW, MFC-L3760CDW,warranty=1 Year",,,
TN-248XLBK,Ink & Toner,simple,Default Category/Ink & Supplies/Toner,base,Brother TN-248XLBK High-Yield Toner Cartridge - Black,"Genuine Brother TN-248XLBK high-yield black toner cartridge, delivering more pages and lower cost-per-print for busy offices.",Genuine high-yield black toner for colour lasers.,0.6,1,Taxable Goods,"Catalog, Search",64.99,tn-248xlbk,100,1,"brand=Brother,consumable_type=Toner Cartridge,cartridge_colour=Black,page_yield=3000,yield_class=High (XL),pack_size=Single,compatible_models=HL-L3220CW, MFC-L3760CDW,warranty=1 Year",,,
PT-H110,Label Printer,simple,Default Category/Labelling/Label Printers,base,Brother PT-H110 Compact Handheld Label Printer,"The Brother PT-H110 is a compact handheld P-touch label printer with a QWERTY keyboard, ideal for quick home and office labelling on TZe tapes.",Compact handheld P-touch label maker.,0.4,1,Taxable Goods,"Catalog, Search",49.99,pt-h110,100,1,"brand=Brother,max_tape_width_mm=12,portability=Handheld,keyboard_layout=QWERTY,has_display=1,warranty=1 Year",,,
PT-D460BTVP,Label Printer,simple,Default Category/Labelling/Label Printers,base,Brother PT-D460BTVP Label Printer Value Pack,"The Brother PT-D460BTVP is a versatile P-touch label printer with Bluetooth and PC connectivity, supplied as a value pack with tape and adapter.",Bluetooth desktop label printer with value pack.,0.9,1,Taxable Goods,"Catalog, Search",85.79,pt-d460btvp,100,1,"brand=Brother,max_tape_width_mm=18,portability=Desktop,keyboard_layout=QWERTY,has_display=1,connectivity=USB|Bluetooth,warranty=1 Year",,,
PT-D610BTVP,Label Printer,simple,Default Category/Labelling/Label Printers,base,Brother PT-D610BTVP Label Printer Value Pack,"The Brother PT-D610BTVP is an advanced P-touch desktop label printer with Bluetooth, wide-tape support and a large display, supplied as a value pack.","Advanced Bluetooth desktop label printer, value pack.",1.1,1,Taxable Goods,"Catalog, Search",114.38,pt-d610btvp,100,1,"brand=Brother,max_tape_width_mm=24,portability=Desktop,keyboard_layout=QWERTY,has_display=1,connectivity=USB|Bluetooth,warranty=1 Year",,,
PT-2730VP,Label Printer,simple,Default Category/Labelling/Label Printers,base,Brother PT-2730VP Professional Label Printer,"The Brother PT-2730VP is a professional label printer supporting tapes up to 24mm with PC connectivity, supplied in a carry-case value pack.","Professional PC-connectable label printer, value pack.",1,1,Taxable Goods,"Catalog, Search",99.00,pt-2730vp,100,1,"brand=Brother,max_tape_width_mm=24,portability=Desktop,keyboard_layout=QWERTY,has_display=1,connectivity=USB,warranty=1 Year",,,
TZe-231,Labelling Tape,simple,Default Category/Ink & Supplies/TZe Tapes,base,Brother TZe-231 Labelling Tape 12mm Black on White,"Genuine Brother TZe-231 laminated labelling tape, 12mm wide, black on white, 8m long — durable and water-resistant for indoor and outdoor use.","12mm black-on-white laminated P-touch tape, 8m.",0.05,1,Taxable Goods,"Catalog, Search",12.99,tze-231,100,1,"brand=Brother,tape_width_mm=12,tape_length_m=8,text_colour=Black,tape_colour=White,laminated=1,compatible_models=P-touch (TZe)",,,
TZe-131,Labelling Tape,simple,Default Category/Ink & Supplies/TZe Tapes,base,Brother TZe-131 Labelling Tape 12mm Black on Clear,"Genuine Brother TZe-131 laminated labelling tape, 12mm wide, black on clear, 8m long — for discreet labels that blend into any surface.","12mm black-on-clear laminated P-touch tape, 8m.",0.05,1,Taxable Goods,"Catalog, Search",13.99,tze-131,100,1,"brand=Brother,tape_width_mm=12,tape_length_m=8,text_colour=Black,tape_colour=Clear,laminated=1,compatible_models=P-touch (TZe)",,,
TZe-631,Labelling Tape,simple,Default Category/Ink & Supplies/TZe Tapes,base,Brother TZe-631 Labelling Tape 12mm Black on Yellow,"Genuine Brother TZe-631 laminated labelling tape, 12mm wide, black on yellow, 8m long — high-visibility labels for safety and organisation.","12mm black-on-yellow laminated P-touch tape, 8m.",0.05,1,Taxable Goods,"Catalog, Search",13.99,tze-631,100,1,"brand=Brother,tape_width_mm=12,tape_length_m=8,text_colour=Black,tape_colour=Yellow,laminated=1,compatible_models=P-touch (TZe)",,,
ADS-1300,Scanner,simple,Default Category/Scanners,base,Brother ADS-1300 Compact Portable Document Scanner,"The Brother ADS-1300 is a compact, portable document scanner with a 20-sheet ADF, fast duplex scanning and USB power for scanning on the go.","Compact, portable desktop document scanner.",1.3,1,Taxable Goods,"Catalog, Search",149.00,ads-1300,100,1,"brand=Brother,scanner_type=Portable,adf_capacity=20,scan_speed_ppm=30,duplex_scan=1,connectivity=USB,warranty=1 Year",,,
ADS-1700W,Scanner,simple,Default Category/Scanners,base,Brother ADS-1700W Compact Wireless Document Scanner,"The Brother ADS-1700W is a compact document scanner with wireless connectivity and a colour touchscreen, ideal for homes and small businesses.",Compact wireless scanner with touchscreen.,1.7,1,Taxable Goods,"Catalog, Search",249.00,ads-1700w,100,1,"brand=Brother,scanner_type=Desktop,adf_capacity=20,scan_speed_ppm=25,duplex_scan=1,connectivity=USB|Wi-Fi|Ethernet,warranty=1 Year",,,
ADS-4300N,Scanner,simple,Default Category/Scanners,base,Brother ADS-4300N Network Desktop Document Scanner,"The Brother ADS-4300N is a network desktop document scanner with an 80-sheet ADF, scanning up to 40 pages per minute for busy workgroups.","Fast network desktop scanner, 80-sheet ADF.",3.2,1,Taxable Goods,"Catalog, Search",399.00,ads-4300n,100,1,"brand=Brother,scanner_type=Network,adf_capacity=80,scan_speed_ppm=40,duplex_scan=1,connectivity=USB|Ethernet,warranty=1 Year",,,
