sku,name,attribute_set,category,price_gbp_ex_vat,price_source,source_url
DCP-J1140DW,Brother DCP-J1140DW Wireless A4 3-in-1 Inkjet Printer,Printer,Printers > Inkjet Printers,139.00,verified,https://store.brother.co.uk/catalogs/brotheruk/devices/inkjet/dcpj/dcpj1140dw
MFC-J1010DW,Brother MFC-J1010DW Wireless A4 4-in-1 Inkjet Printer,Printer,Printers > Inkjet Printers,119.00,verified,https://store.brother.co.uk/catalogs/brotheruk/devices/inkjet/mfcj/mfcj1010dw
DCP-J1200WE,Brother DCP-J1200WE Wireless A4 3-in-1 Inkjet Printer (EcoPro),Printer,Printers > Inkjet Printers,99.00,representative,https://store.brother.co.uk/catalogs/brotheruk/devices/inkjet/dcpj/dcpj1200we
MFC-J4340DWE,Brother MFC-J4340DWE Wireless A4 4-in-1 Inkjet Printer (EcoPro),Printer,Printers > Inkjet Printers,149.00,representative,https://store.brother.co.uk/catalogs/brotheruk/devices/inkjet/mfcj/mfcj4340dwe
MFC-J5340DWE,Brother MFC-J5340DWE Wireless A3 4-in-1 Inkjet Printer,Printer,Printers > Inkjet Printers,179.00,representative,https://store.brother.co.uk/catalogs/brotheruk/devices/inkjet/mfcj/mfcj5340dwe
HL-L1240W,Brother HL-L1240W Compact Mono Laser Printer,Printer,Printers > Laser Printers,99.00,representative,https://store.brother.co.uk/devices/laser/hl/hll1240w
HL-L1242W,Brother HL-L1242W Compact Mono Laser Printer,Printer,Printers > Laser Printers,109.00,representative,https://store.brother.co.uk/devices/laser/hl/hll1242w
HL-L2400DW,Brother HL-L2400DW Wireless Mono Laser Printer,Printer,Printers > Laser Printers,129.00,representative,https://store.brother.co.uk/catalogs/brotheruk/devices/laser/hl/hll2400dw
HL-L2400DWE,Brother HL-L2400DWE Wireless Mono Laser Printer (EcoPro),Printer,Printers > Laser Printers,129.00,representative,https://store.brother.co.uk/devices/laser/hl/hll2400dwe
HL-L2375DW,Brother HL-L2375DW Wireless Mono Laser Printer,Printer,Printers > Laser Printers,139.00,representative,https://store.brother.co.uk/catalogs/brotheruk/devices/laser/hl/hll2375dw
LC424BK,Brother LC424BK Ink Cartridge - Black,Ink & Toner,Ink & Supplies > Ink Cartridges,13.99,representative,https://store.brother.co.uk/supplies/inkjet/ink-cartridges-single-pack/lc/lc424bk
LC424VAL,Brother LC424VAL Ink Cartridge Multipack (BK/C/M/Y),Ink & Toner,Ink & Supplies > Ink Cartridges,44.99,representative,https://store.brother.co.uk/supplies/inkjet/ink-cartridges-multi-pack/lc/lc424val
LC427BK,Brother LC427BK Ink Cartridge - Black,Ink & Toner,Ink & Supplies > Ink Cartridges,24.99,representative,https://store.brother.co.uk/supplies/inkjet/ink-cartridges-single-pack/lc/lc427bk
LC426VAL,Brother LC426VAL Ink Cartridge Multipack (BK/C/M/Y),Ink & Toner,Ink & Supplies > Ink Cartridges,49.99,representative,https://store.brother.co.uk/supplies/inkjet/ink-cartridges-multi-pack/lc/lc426val
LC3239XLBK,Brother LC3239XLBK High-Yield Ink Cartridge - Black,Ink & Toner,Ink & Supplies > Ink Cartridges,34.99,representative,https://store.brother.co.uk/supplies/inkjet/ink-cartridges-single-pack/lc/lc3239xlbk
TN-2420,Brother TN-2420 Toner Cartridge - Black,Ink & Toner,Ink & Supplies > Toner,59.99,representative,https://store.brother.co.uk/supplies/laser/toner/tn/tn2420
TN2420TWIN,Brother TN-2420 Toner Cartridge Twin Pack - Black,Ink & Toner,Ink & Supplies > Toner,104.99,representative,https://store.brother.co.uk/supplies/laser/toner/tn/tn2420twin
TN-248BK,Brother TN-248BK Toner Cartridge - Black,Ink & Toner,Ink & Supplies > Toner,44.99,representative,https://store.brother.co.uk/supplies/laser/toner/tn/tn248bk
TN-248VAL,Brother TN-248VAL Toner Multipack (BK/C/M/Y),Ink & Toner,Ink & Supplies > Toner,129.99,representative,https://store.brother.co.uk/catalogs/brotheruk/supplies/laser/toner/tn/tn248val
TN-248XLBK,Brother TN-248XLBK High-Yield Toner Cartridge - Black,Ink & Toner,Ink & Supplies > Toner,64.99,representative,https://store.brother.co.uk/supplies/laser/toner/tn/tn248xlbk
PT-H110,Brother PT-H110 Compact Handheld Label Printer,Label Printer,Labelling > Label Printers,49.99,verified,https://store.brother.co.uk/devices/label-printer/p-touch/pt/pth110
PT-D460BTVP,Brother PT-D460BTVP Label Printer Value Pack,Label Printer,Labelling > Label Printers,85.79,verified,https://store.brother.co.uk/catalogs/brotheruk/devices/label-printer/p-touch/pt/ptd460btvp
PT-D610BTVP,Brother PT-D610BTVP Label Printer Value Pack,Label Printer,Labelling > Label Printers,114.38,verified,https://store.brother.co.uk/catalogs/brotheruk/devices/label-printer/p-touch/pt/ptd610btvp
PT-2730VP,Brother PT-2730VP Professional Label Printer,Label Printer,Labelling > Label Printers,99.00,representative,https://store.brother.co.uk/catalogs/brotheruk/devices/label-printer/p-touch/pt/pt2730vp
TZe-231,Brother TZe-231 Labelling Tape 12mm Black on White,Labelling Tape,Ink & Supplies > TZe Tapes,12.99,representative,https://store.brother.co.uk/supplies/p-touch/tapes/tze/tze231
TZe-131,Brother TZe-131 Labelling Tape 12mm Black on Clear,Labelling Tape,Ink & Supplies > TZe Tapes,13.99,representative,https://store.brother.co.uk/supplies/p-touch/tapes/tze/tze131
TZe-631,Brother TZe-631 Labelling Tape 12mm Black on Yellow,Labelling Tape,Ink & Supplies > TZe Tapes,13.99,representative,https://store.brother.co.uk/supplies/p-touch/tapes/tze/tze631
ADS-1300,Brother ADS-1300 Compact Portable Document Scanner,Scanner,Scanners,149.00,representative,https://store.brother.co.uk/devices/scanners/ads/ads1300
ADS-1700W,Brother ADS-1700W Compact Wireless Document Scanner,Scanner,Scanners,249.00,representative,https://store.brother.co.uk/devices/scanners/ads/ads1700w
ADS-4300N,Brother ADS-4300N Network Desktop Document Scanner,Scanner,Scanners,399.00,representative,https://store.brother.co.uk/devices/scanners/ads/ads4300n
