sku,image_file,position,is_primary
BU330CL,BU330CL-01.png,1,1
DR2510,DR2510-01.png,1,1
DR2510,DR2510-02.png,2,0
DR2510,DR2510-03.png,3,0
DR2510,DR2510-04.png,4,0
DR2510,DR2510-05.png,5,0
HLL1240W,HLL1240W-01.png,1,1
HLL1240W,HLL1240W-02.png,2,0
HLL1240W,HLL1240W-03.png,3,0
HLL1240W,HLL1240W-04.png,4,0
HLL1240W,HLL1240W-05.png,5,0
HLL2400DWE,HLL2400DWE-01.png,1,1
HLL2400DWE,HLL2400DWE-02.png,2,0
HLL2400DWE,HLL2400DWE-03.png,3,0
HLL2400DWE,HLL2400DWE-04.png,4,0
HLL2400DWE,HLL2400DWE-05.png,5,0
HLL2400DWE,HLL2400DWE-06.png,6,0
HLL2400DWE,HLL2400DWE-07.png,7,0
HLL2445DW,HLL2445DW-01.png,1,1
HLL2445DW,HLL2445DW-02.png,2,0
HLL2445DW,HLL2445DW-03.png,3,0
HLL2445DW,HLL2445DW-04.png,4,0
HLL2445DW,HLL2445DW-05.png,5,0
HLL2445DW,HLL2445DW-06.png,6,0
HLL8260CDW,HLL8260CDW-01.png,1,1
HLL8260CDW,HLL8260CDW-02.png,2,0
HLL8260CDW,HLL8260CDW-03.png,3,0
LC223BK,LC223BK-01.png,1,1
LC223BK,LC223BK-02.png,2,0
LC223BK,LC223BK-03.png,3,0
LC223C,LC223C-01.png,1,1
LC223C,LC223C-02.png,2,0
LC223C,LC223C-03.png,3,0
LC223M,LC223M-01.png,1,1
LC223M,LC223M-02.png,2,0
LC223M,LC223M-03.png,3,0
LC223Y,LC223Y-01.png,1,1
LC223Y,LC223Y-02.png,2,0
LC223Y,LC223Y-03.png,3,0
MFCJ4350DW,MFCJ4350DW-01.png,1,1
MFCJ4350DW,MFCJ4350DW-02.png,2,0
MFCJ4350DW,MFCJ4350DW-03.png,3,0
MFCJ4350DW,MFCJ4350DW-04.png,4,0
MFCJ4350DW,MFCJ4350DW-05.png,5,0
MFCJ6530DW,MFCJ6530DW-01.png,1,1
MFCJ6530DW,MFCJ6530DW-02.png,2,0
MFCJ6530DW,MFCJ6530DW-03.png,3,0
PJ822,PJ822-01.png,1,1
PJ822,PJ822-02.png,2,0
PJ822,PJ822-03.png,3,0
PJ822,PJ822-04.png,4,0
PJ823,PJ823-01.png,1,1
PJ823,PJ823-02.png,2,0
PJ823,PJ823-03.png,3,0
PJ823,PJ823-04.png,4,0
PJ862,PJ862-01.png,1,1
PJ862,PJ862-02.png,2,0
PJ862,PJ862-03.png,3,0
PJ862,PJ862-04.png,4,0
PTD210VP,PTD210VP-01.png,1,1
PTD210VP,PTD210VP-02.png,2,0
TN421BK,TN421BK-01.png,1,1
TN421BK,TN421BK-02.png,2,0
TN421BK,TN421BK-03.png,3,0
TN421BK,TN421BK-04.png,4,0
TN421C,TN421C-01.png,1,1
TN421C,TN421C-02.png,2,0
TN421C,TN421C-03.png,3,0
TN421C,TN421C-04.png,4,0
TN421M,TN421M-01.png,1,1
TN421M,TN421M-02.png,2,0
TN421M,TN421M-03.png,3,0
TN421M,TN421M-04.png,4,0
TN421Y,TN421Y-01.png,1,1
TN421Y,TN421Y-02.png,2,0
TN421Y,TN421Y-03.png,3,0
TN421Y,TN421Y-04.png,4,0
TZE131,TZE131-01.png,1,1
TZE131,TZE131-02.png,2,0
TZE131,TZE131-03.png,3,0
TZE131,TZE131-04.png,4,0
TZE231,TZE231-01.png,1,1
TZE231,TZE231-02.png,2,0
TZE231,TZE231-03.png,3,0
TZE231,TZE231-04.png,4,0
TZE431,TZE431-01.png,1,1
TZE431,TZE431-02.png,2,0
TZE431,TZE431-03.png,3,0
TZE431,TZE431-04.png,4,0
TZE531,TZE531-01.png,1,1
TZE531,TZE531-02.png,2,0
TZE531,TZE531-03.png,3,0
TZE531,TZE531-04.png,4,0
TZE631,TZE631-01.png,1,1
TZE631,TZE631-02.png,2,0
TZE631,TZE631-03.png,3,0
TZE631,TZE631-04.png,4,0
TZE731,TZE731-01.png,1,1
TZE731,TZE731-02.png,2,0
TZE731,TZE731-03.png,3,0
WT320CL,WT320CL-01.png,1,1
